population_density_mean,income_level_mean,recycling_rate_mean,public_awareness_mean,commercial_activity_mean,waste_generation_mean,waste_generation_std,total_waste_mean,efficiency_class_<lambda>,cluster,size,percentage
503.4599906610377,47521.56856236309,0.20851003977173183,4.1676122337019486,4.933575404545269,1.157600351113147,0.20634939489936566,0.5841858168357734,2.6538461538461537,0,52,52.0
517.2040873438177,53025.01688474652,0.23739947329825867,4.4053832217070505,5.1001783787698205,1.1918003814527909,0.2068710445927377,0.6181622671341568,2.375,1,48,48.0
